Time,time
0,41275
1,41276
2,41277
3,41278
4,41279
5,41280
6,41281
7,41282
8,41283
9,41284
10,41285
11,41286
12,41287
13,41288
14,41289
15,41290
16,41291
17,41292
18,41293
19,41294
20,41295
21,41296
22,41297
23,41298
24,41299
25,41300
26,41301
27,41302
28,41303
29,41304
30,41305
31,41306
32,41307
33,41308
34,41309
35,41310
36,41311
37,41312
38,41313
39,41314
40,41315
41,41316
42,41317
43,41318
44,41319
45,41320
46,41321
47,41322
48,41323
49,41324
50,41325
51,41326
52,41327
53,41328
54,41329
55,41330
56,41331
57,41332
58,41333
59,41334
60,41335
61,41336
62,41337
63,41338
64,41339
65,41340
66,41341
67,41342
68,41343
69,41344
70,41345
71,41346
72,41347
73,41348
74,41349
75,41350
76,41351
77,41352
78,41353
79,41354
80,41355
81,41356
82,41357
83,41358
84,41359
85,41360
86,41361
87,41362
88,41363
89,41364
90,41365
91,41366
92,41367
93,41368
94,41369
95,41370
96,41371
97,41372
98,41373
99,41374
100,41375
101,41376
102,41377
103,41378
104,41379
105,41380
106,41381
107,41382
108,41383
109,41384
110,41385
111,41386
112,41387
113,41388
114,41389
115,41390
116,41391
117,41392
118,41393
119,41394
120,41395
121,41396
122,41397
123,41398
124,41399
125,41400
126,41401
127,41402
128,41403
129,41404
130,41405
131,41406
132,41407
133,41408
134,41409
135,41410
136,41411
137,41412
138,41413
139,41414
140,41415
141,41416
142,41417
143,41418
144,41419
145,41420
146,41421
147,41422
148,41423
149,41424
150,41425
151,41426
152,41427
153,41428
154,41429
155,41430
156,41431
157,41432
158,41433
159,41434
160,41435
161,41436
162,41437
163,41438
164,41439
165,41440
166,41441
167,41442
168,41443
169,41444
170,41445
171,41446
172,41447
173,41448
174,41449
175,41450
176,41451
177,41452
178,41453
179,41454
180,41455
181,41456
182,41457
183,41458
184,41459
185,41460
186,41461
187,41462
188,41463
189,41464
190,41465
191,41466
192,41467
193,41468
194,41469
195,41470
196,41471
197,41472
198,41473
199,41474
200,41475
201,41476
202,41477
203,41478
204,41479
205,41480
206,41481
207,41482
208,41483
209,41484
210,41485
211,41486
212,41487
213,41488
214,41489
215,41490
216,41491
217,41492
218,41493
219,41494
220,41495
221,41496
222,41497
223,41498
224,41499
225,41500
226,41501
227,41502
228,41503
229,41504
230,41505
231,41506
232,41507
233,41508
234,41509
235,41510
236,41511
237,41512
238,41513
239,41514
240,41515
241,41516
242,41517
243,41518
244,41519
245,41520
246,41521
247,41522
248,41523
249,41524
250,41525
251,41526
252,41527
253,41528
254,41529
255,41530
256,41531
257,41532
258,41533
259,41534
260,41535
261,41536
262,41537
263,41538
264,41539
265,41540
266,41541
267,41542
268,41543
269,41544
270,41545
271,41546
272,41547
273,41548
274,41549
275,41550
276,41551
277,41552
278,41553
279,41554
280,41555
281,41556
282,41557
283,41558
284,41559
285,41560
286,41561
287,41562
288,41563
289,41564
290,41565
291,41566
292,41567
293,41568
294,41569
295,41570
296,41571
297,41572
298,41573
299,41574
300,41575
301,41576
302,41577
303,41578
304,41579
305,41580
306,41581
307,41582
308,41583
309,41584
310,41585
311,41586
312,41587
313,41588
314,41589
315,41590
316,41591
317,41592
318,41593
319,41594
320,41595
321,41596
322,41597
323,41598
324,41599
325,41600
326,41601
327,41602
328,41603
329,41604
330,41605
331,41606
332,41607
333,41608
334,41609
335,41610
336,41611
337,41612
338,41613
339,41614
340,41615
341,41616
342,41617
343,41618
344,41619
345,41620
346,41621
347,41622
348,41623
349,41624
350,41625
351,41626
352,41627
353,41628
354,41629
355,41630
356,41631
357,41632
358,41633
359,41634
360,41635
361,41636
362,41637
363,41638
364,41639
365,41640
366,41641
367,41642
368,41643
369,41644
370,41645
371,41646
372,41647
373,41648
374,41649
375,41650
376,41651
377,41652
378,41653
379,41654
380,41655
381,41656
382,41657
383,41658
384,41659
385,41660
386,41661
387,41662
388,41663
389,41664
390,41665
391,41666
392,41667
393,41668
394,41669
395,41670
396,41671
397,41672
398,41673
399,41674
400,41675
401,41676
402,41677
403,41678
404,41679
405,41680
406,41681
407,41682
408,41683
409,41684
410,41685
411,41686
412,41687
413,41688
414,41689
415,41690
416,41691
417,41692
418,41693
419,41694
420,41695
421,41696
422,41697
423,41698
424,41699
425,41700
426,41701
427,41702
428,41703
429,41704
430,41705
431,41706
432,41707
433,41708
434,41709
435,41710
436,41711
437,41712
438,41713
439,41714
440,41715
441,41716
442,41717
443,41718
444,41719
445,41720
446,41721
447,41722
448,41723
449,41724
450,41725
451,41726
452,41727
453,41728
454,41729
455,41730
456,41731
457,41732
458,41733
459,41734
460,41735
461,41736
462,41737
463,41738
464,41739
465,41740
466,41741
467,41742
468,41743
469,41744
470,41745
471,41746
472,41747
473,41748
474,41749
475,41750
476,41751
477,41752
478,41753
479,41754
480,41755
481,41756
482,41757
483,41758
484,41759
485,41760
486,41761
487,41762
488,41763
489,41764
490,41765
491,41766
492,41767
493,41768
494,41769
495,41770
496,41771
497,41772
498,41773
499,41774
500,41775
501,41776
502,41777
503,41778
504,41779
505,41780
506,41781
507,41782
508,41783
509,41784
510,41785
511,41786
512,41787
513,41788
514,41789
515,41790
516,41791
517,41792
518,41793
519,41794
520,41795
521,41796
522,41797
523,41798
524,41799
525,41800
526,41801
527,41802
528,41803
529,41804
530,41805
531,41806
532,41807
533,41808
534,41809
535,41810
536,41811
537,41812
538,41813
539,41814
540,41815
541,41816
542,41817
543,41818
544,41819
545,41820
546,41821
547,41822
548,41823
549,41824
550,41825
551,41826
552,41827
553,41828
554,41829
555,41830
556,41831
557,41832
558,41833
559,41834
560,41835
561,41836
562,41837
563,41838
564,41839
565,41840
566,41841
567,41842
568,41843
569,41844
570,41845
571,41846
572,41847
573,41848
574,41849
575,41850
576,41851
577,41852
578,41853
579,41854
580,41855
581,41856
582,41857
583,41858
584,41859
585,41860
586,41861
587,41862
588,41863
589,41864
590,41865
591,41866
592,41867
593,41868
594,41869
595,41870
596,41871
597,41872
598,41873
599,41874
600,41875
601,41876
602,41877
603,41878
604,41879
605,41880
606,41881
607,41882
608,41883
609,41884
610,41885
611,41886
612,41887
613,41888
614,41889
615,41890
616,41891
617,41892
618,41893
619,41894
620,41895
621,41896
622,41897
623,41898
624,41899
625,41900
626,41901
627,41902
628,41903
629,41904
630,41905
631,41906
632,41907
633,41908
634,41909
635,41910
636,41911
637,41912
638,41913
639,41914
640,41915
641,41916
642,41917
643,41918
644,41919
645,41920
646,41921
647,41922
648,41923
649,41924
650,41925
651,41926
652,41927
653,41928
654,41929
655,41930
656,41931
657,41932
658,41933
659,41934
660,41935
661,41936
662,41937
663,41938
664,41939
665,41940
666,41941
667,41942
668,41943
669,41944
670,41945
671,41946
672,41947
673,41948
674,41949
675,41950
676,41951
677,41952
678,41953
679,41954
680,41955
681,41956
682,41957
683,41958
684,41959
685,41960
686,41961
687,41962
688,41963
689,41964
690,41965
691,41966
692,41967
693,41968
694,41969
695,41970
696,41971
697,41972
698,41973
699,41974
700,41975
701,41976
702,41977
703,41978
704,41979
705,41980
706,41981
707,41982
708,41983
709,41984
710,41985
711,41986
712,41987
713,41988
714,41989
715,41990
716,41991
717,41992
718,41993
719,41994
720,41995
721,41996
722,41997
723,41998
724,41999
725,42000
726,42001
727,42002
728,42003
729,42004
730,42005
731,42006
732,42007
733,42008
734,42009
735,42010
736,42011
737,42012
738,42013
739,42014
740,42015
741,42016
742,42017
743,42018
744,42019
745,42020
746,42021
747,42022
748,42023
749,42024
750,42025
751,42026
752,42027
753,42028
754,42029
755,42030
756,42031
757,42032
758,42033
759,42034
760,42035
761,42036
762,42037
763,42038
764,42039
765,42040
766,42041
767,42042
768,42043
769,42044
770,42045
771,42046
772,42047
773,42048
774,42049
775,42050
776,42051
777,42052
778,42053
779,42054
780,42055
781,42056
782,42057
783,42058
784,42059
785,42060
786,42061
787,42062
788,42063
789,42064
790,42065
791,42066
792,42067
793,42068
794,42069
795,42070
796,42071
797,42072
798,42073
799,42074
800,42075
801,42076
802,42077
803,42078
804,42079
805,42080
806,42081
807,42082
808,42083
809,42084
810,42085
811,42086
812,42087
813,42088
814,42089
815,42090
816,42091
817,42092
818,42093
819,42094
820,42095
821,42096
822,42097
823,42098
824,42099
825,42100
826,42101
827,42102
828,42103
829,42104
830,42105
831,42106
832,42107
833,42108
834,42109
835,42110
836,42111
837,42112
838,42113
839,42114
840,42115
841,42116
842,42117
843,42118
844,42119
845,42120
846,42121
847,42122
848,42123
849,42124
850,42125
851,42126
852,42127
853,42128
854,42129
855,42130
856,42131
857,42132
858,42133
859,42134
860,42135
861,42136
862,42137
863,42138
864,42139
865,42140
866,42141
867,42142
868,42143
869,42144
870,42145
871,42146
872,42147
873,42148
874,42149
875,42150
876,42151
877,42152
878,42153
879,42154
880,42155
881,42156
882,42157
883,42158
884,42159
885,42160
886,42161
887,42162
888,42163
889,42164
890,42165
891,42166
892,42167
893,42168
894,42169
895,42170
896,42171
897,42172
898,42173
899,42174
900,42175
901,42176
902,42177
903,42178
904,42179
905,42180
906,42181
907,42182
908,42183
909,42184
910,42185
911,42186
912,42187
913,42188
914,42189
915,42190
916,42191
917,42192
918,42193
919,42194
920,42195
921,42196
922,42197
923,42198
924,42199
925,42200
926,42201
927,42202
928,42203
929,42204
930,42205
931,42206
932,42207
933,42208
934,42209
935,42210
936,42211
937,42212
938,42213
939,42214
940,42215
941,42216
942,42217
943,42218
944,42219
945,42220
946,42221
947,42222
948,42223
949,42224
950,42225
951,42226
952,42227
953,42228
954,42229
955,42230
956,42231
957,42232
958,42233
959,42234
960,42235
961,42236
962,42237
963,42238
964,42239
965,42240
966,42241
967,42242
968,42243
969,42244
970,42245
971,42246
972,42247
973,42248
974,42249
975,42250
976,42251
977,42252
978,42253
979,42254
980,42255
981,42256
982,42257
983,42258
984,42259
985,42260
986,42261
987,42262
988,42263
989,42264
990,42265
991,42266
992,42267
993,42268
994,42269
995,42270
996,42271
997,42272
998,42273
999,42274
1000,42275
1001,42276
1002,42277
1003,42278
1004,42279
1005,42280
1006,42281
1007,42282
1008,42283
1009,42284
1010,42285
1011,42286
1012,42287
1013,42288
1014,42289
1015,42290
1016,42291
1017,42292
1018,42293
1019,42294
1020,42295
1021,42296
1022,42297
1023,42298
1024,42299
1025,42300
1026,42301
1027,42302
1028,42303
1029,42304
1030,42305
1031,42306
1032,42307
1033,42308
1034,42309
1035,42310
1036,42311
1037,42312
1038,42313
1039,42314
1040,42315
1041,42316
1042,42317
1043,42318
1044,42319
1045,42320
1046,42321
1047,42322
1048,42323
1049,42324
1050,42325
1051,42326
1052,42327
1053,42328
1054,42329
1055,42330
1056,42331
1057,42332
1058,42333
1059,42334
1060,42335
1061,42336
1062,42337
1063,42338
1064,42339
1065,42340
1066,42341
1067,42342
1068,42343
1069,42344
1070,42345
1071,42346
1072,42347
1073,42348
1074,42349
1075,42350
1076,42351
1077,42352
1078,42353
1079,42354
1080,42355
1081,42356
1082,42357
1083,42358
1084,42359
1085,42360
1086,42361
1087,42362
1088,42363
1089,42364
1090,42365
1091,42366
1092,42367
1093,42368
1094,42369
1095,42370
1096,42371
1097,42372
1098,42373
1099,42374
1100,42375
1101,42376
1102,42377
1103,42378
1104,42379
1105,42380
1106,42381
1107,42382
1108,42383
1109,42384
1110,42385
1111,42386
1112,42387
1113,42388
1114,42389
1115,42390
1116,42391
1117,42392
1118,42393
1119,42394
1120,42395
1121,42396
1122,42397
1123,42398
1124,42399
1125,42400
1126,42401
1127,42402
1128,42403
1129,42404
1130,42405
1131,42406
1132,42407
1133,42408
1134,42409
1135,42410
1136,42411
1137,42412
1138,42413
1139,42414
1140,42415
1141,42416
1142,42417
1143,42418
1144,42419
1145,42420
1146,42421
1147,42422
1148,42423
1149,42424
1150,42425
1151,42426
1152,42427
1153,42428
1154,42429
1155,42430
1156,42431
1157,42432
1158,42433
1159,42434
1160,42435
1161,42436
1162,42437
1163,42438
1164,42439
1165,42440
1166,42441
1167,42442
1168,42443
1169,42444
1170,42445
1171,42446
1172,42447
1173,42448
1174,42449
1175,42450
1176,42451
1177,42452
1178,42453
1179,42454
1180,42455
1181,42456
1182,42457
1183,42458
1184,42459
1185,42460
1186,42461
1187,42462
1188,42463
1189,42464
1190,42465
1191,42466
1192,42467
1193,42468
1194,42469
1195,42470
1196,42471
1197,42472
1198,42473
1199,42474
1200,42475
1201,42476
1202,42477
1203,42478
1204,42479
1205,42480
1206,42481
1207,42482
1208,42483
1209,42484
1210,42485
1211,42486
1212,42487
1213,42488
1214,42489
1215,42490
1216,42491
1217,42492
1218,42493
1219,42494
1220,42495
1221,42496
1222,42497
1223,42498
1224,42499
1225,42500
1226,42501
1227,42502
1228,42503
1229,42504
1230,42505
1231,42506
1232,42507
1233,42508
1234,42509
1235,42510
1236,42511
1237,42512
1238,42513
1239,42514
1240,42515
1241,42516
1242,42517
1243,42518
1244,42519
1245,42520
1246,42521
1247,42522
1248,42523
1249,42524
1250,42525
1251,42526
1252,42527
1253,42528
1254,42529
1255,42530
1256,42531
1257,42532
1258,42533
1259,42534
1260,42535
1261,42536
1262,42537
1263,42538
1264,42539
1265,42540
1266,42541
1267,42542
1268,42543
1269,42544
1270,42545
1271,42546
1272,42547
1273,42548
1274,42549
1275,42550
1276,42551
1277,42552
1278,42553
1279,42554
1280,42555
1281,42556
1282,42557
1283,42558
1284,42559
1285,42560
1286,42561
1287,42562
1288,42563
1289,42564
1290,42565
1291,42566
1292,42567
1293,42568
1294,42569
1295,42570
1296,42571
1297,42572
1298,42573
1299,42574
1300,42575
1301,42576
1302,42577
1303,42578
1304,42579
1305,42580
1306,42581
1307,42582
1308,42583
1309,42584
1310,42585
1311,42586
1312,42587
1313,42588
1314,42589
1315,42590
1316,42591
1317,42592
1318,42593
1319,42594
1320,42595
1321,42596
1322,42597
1323,42598
1324,42599
1325,42600
1326,42601
1327,42602
1328,42603
1329,42604
1330,42605
1331,42606
1332,42607
1333,42608
1334,42609
1335,42610
1336,42611
1337,42612
1338,42613
1339,42614
1340,42615
1341,42616
1342,42617
1343,42618
1344,42619
1345,42620
1346,42621
1347,42622
1348,42623
1349,42624
1350,42625
1351,42626
1352,42627
1353,42628
1354,42629
1355,42630
1356,42631
1357,42632
1358,42633
1359,42634
1360,42635
1361,42636
1362,42637
1363,42638
1364,42639
1365,42640
1366,42641
1367,42642
1368,42643
1369,42644
1370,42645
1371,42646
1372,42647
1373,42648
1374,42649
1375,42650
1376,42651
1377,42652
1378,42653
1379,42654
1380,42655
1381,42656
1382,42657
1383,42658
1384,42659
1385,42660
1386,42661
1387,42662
1388,42663
1389,42664
1390,42665
1391,42666
1392,42667
1393,42668
1394,42669
1395,42670
1396,42671
1397,42672
1398,42673
1399,42674
1400,42675
1401,42676
1402,42677
1403,42678
1404,42679
1405,42680
1406,42681
1407,42682
1408,42683
1409,42684
1410,42685
1411,42686
1412,42687
1413,42688
1414,42689
1415,42690
1416,42691
1417,42692
1418,42693
1419,42694
1420,42695
1421,42696
1422,42697
1423,42698
1424,42699
1425,42700
1426,42701
1427,42702
1428,42703
1429,42704
1430,42705
1431,42706
1432,42707
1433,42708
1434,42709
1435,42710
1436,42711
1437,42712
1438,42713
1439,42714
1440,42715
1441,42716
1442,42717
1443,42718
1444,42719
1445,42720
1446,42721
1447,42722
1448,42723
1449,42724
1450,42725
1451,42726
1452,42727
1453,42728
1454,42729
1455,42730
1456,42731
1457,42732
1458,42733
1459,42734
1460,42735
1461,42736
1462,42737
1463,42738
1464,42739
1465,42740
1466,42741
1467,42742
1468,42743
1469,42744
1470,42745
1471,42746
1472,42747
1473,42748
1474,42749
1475,42750
1476,42751
1477,42752
1478,42753
1479,42754
1480,42755
1481,42756
1482,42757
1483,42758
1484,42759
1485,42760
1486,42761
1487,42762
1488,42763
1489,42764
1490,42765
1491,42766
1492,42767
1493,42768
1494,42769
1495,42770
1496,42771
1497,42772
1498,42773
1499,42774
1500,42775
1501,42776
1502,42777
1503,42778
1504,42779
1505,42780
1506,42781
1507,42782
1508,42783
1509,42784
1510,42785
1511,42786
1512,42787
1513,42788
1514,42789
1515,42790
1516,42791
1517,42792
1518,42793
1519,42794
1520,42795
1521,42796
1522,42797
1523,42798
1524,42799
1525,42800
1526,42801
1527,42802
1528,42803
1529,42804
1530,42805
1531,42806
1532,42807
1533,42808
1534,42809
1535,42810
1536,42811
1537,42812
1538,42813
1539,42814
1540,42815
1541,42816
1542,42817
1543,42818
1544,42819
1545,42820
1546,42821
1547,42822
1548,42823
1549,42824
1550,42825
1551,42826
1552,42827
1553,42828
1554,42829
1555,42830
1556,42831
1557,42832
1558,42833
1559,42834
1560,42835
1561,42836
1562,42837
1563,42838
1564,42839
1565,42840
1566,42841
1567,42842
1568,42843
1569,42844
1570,42845
1571,42846
1572,42847
1573,42848
1574,42849
1575,42850
1576,42851
1577,42852
1578,42853
1579,42854
1580,42855
1581,42856
1582,42857
1583,42858
1584,42859
1585,42860
1586,42861
1587,42862
1588,42863
1589,42864
1590,42865
1591,42866
1592,42867
1593,42868
1594,42869
1595,42870
1596,42871
1597,42872
1598,42873
1599,42874
1600,42875
1601,42876
1602,42877
1603,42878
1604,42879
1605,42880
1606,42881
1607,42882
1608,42883
1609,42884
1610,42885
1611,42886
1612,42887
1613,42888
1614,42889
1615,42890
1616,42891
1617,42892
1618,42893
1619,42894
1620,42895
1621,42896
1622,42897
1623,42898
1624,42899
1625,42900
1626,42901
1627,42902
1628,42903
1629,42904
1630,42905
1631,42906
1632,42907
1633,42908
1634,42909
1635,42910
1636,42911
1637,42912
1638,42913
1639,42914
1640,42915
1641,42916
1642,42917
1643,42918
1644,42919
1645,42920
1646,42921
1647,42922
1648,42923
1649,42924
1650,42925
1651,42926
1652,42927
1653,42928
1654,42929
1655,42930
1656,42931
1657,42932
1658,42933
1659,42934
1660,42935
1661,42936
1662,42937
1663,42938
1664,42939
1665,42940
1666,42941
1667,42942
1668,42943
1669,42944
1670,42945
1671,42946
1672,42947
1673,42948
1674,42949
1675,42950
1676,42951
1677,42952
1678,42953
1679,42954
1680,42955
1681,42956
1682,42957
1683,42958
1684,42959
1685,42960
1686,42961
1687,42962
1688,42963
1689,42964
1690,42965
1691,42966
1692,42967
1693,42968
1694,42969
1695,42970
1696,42971
1697,42972
1698,42973
1699,42974
1700,42975
1701,42976
1702,42977
1703,42978
1704,42979
1705,42980
1706,42981
1707,42982
1708,42983
1709,42984
1710,42985
1711,42986
1712,42987
1713,42988
1714,42989
1715,42990
1716,42991
1717,42992
1718,42993
1719,42994
1720,42995
1721,42996
1722,42997
1723,42998
1724,42999
1725,43000
1726,43001
1727,43002
1728,43003
1729,43004
1730,43005
1731,43006
1732,43007
1733,43008
1734,43009
1735,43010
1736,43011
1737,43012
1738,43013
1739,43014
1740,43015
1741,43016
1742,43017
1743,43018
1744,43019
1745,43020
1746,43021
1747,43022
1748,43023
1749,43024
1750,43025
1751,43026
1752,43027
1753,43028
1754,43029
1755,43030
1756,43031
1757,43032
1758,43033
1759,43034
1760,43035
1761,43036
1762,43037
1763,43038
1764,43039
1765,43040
1766,43041
1767,43042
1768,43043
1769,43044
1770,43045
1771,43046
1772,43047
1773,43048
1774,43049
1775,43050
1776,43051
1777,43052
1778,43053
1779,43054
1780,43055
1781,43056
1782,43057
1783,43058
1784,43059
1785,43060
1786,43061
1787,43062
1788,43063
1789,43064
1790,43065
1791,43066
1792,43067
1793,43068
1794,43069
1795,43070
1796,43071
1797,43072
1798,43073
1799,43074
1800,43075
1801,43076
1802,43077
1803,43078
1804,43079
1805,43080
1806,43081
1807,43082
1808,43083
1809,43084
1810,43085
1811,43086
1812,43087
1813,43088
1814,43089
1815,43090
1816,43091
1817,43092
1818,43093
1819,43094
1820,43095
1821,43096
1822,43097
1823,43098
1824,43099
1825,43100
1826,43101
1827,43102
1828,43103
1829,43104
1830,43105
1831,43106
1832,43107
1833,43108
1834,43109
1835,43110
1836,43111
1837,43112
1838,43113
1839,43114
1840,43115
1841,43116
1842,43117
1843,43118
1844,43119
1845,43120
1846,43121
1847,43122
1848,43123
1849,43124
1850,43125
1851,43126
1852,43127
1853,43128
1854,43129
1855,43130
1856,43131
1857,43132
1858,43133
1859,43134
1860,43135
1861,43136
1862,43137
1863,43138
1864,43139
1865,43140
1866,43141
1867,43142
1868,43143
1869,43144
1870,43145
1871,43146
1872,43147
1873,43148
1874,43149
1875,43150
1876,43151
1877,43152
1878,43153
1879,43154
1880,43155
1881,43156
1882,43157
1883,43158
1884,43159
1885,43160
1886,43161
1887,43162
1888,43163
1889,43164
1890,43165
1891,43166
1892,43167
1893,43168
1894,43169
1895,43170
1896,43171
1897,43172
1898,43173
1899,43174
1900,43175
1901,43176
1902,43177
1903,43178
1904,43179
1905,43180
1906,43181
1907,43182
1908,43183
1909,43184
1910,43185
1911,43186
1912,43187
1913,43188
1914,43189
1915,43190
1916,43191
1917,43192
1918,43193
1919,43194
1920,43195
1921,43196
1922,43197
1923,43198
1924,43199
1925,43200
1926,43201
1927,43202
1928,43203
1929,43204
1930,43205
1931,43206
1932,43207
1933,43208
1934,43209
1935,43210
1936,43211
1937,43212
1938,43213
1939,43214
1940,43215
1941,43216
1942,43217
1943,43218
1944,43219
1945,43220
1946,43221
1947,43222
1948,43223
1949,43224
1950,43225
1951,43226
1952,43227
1953,43228
1954,43229
1955,43230
1956,43231
1957,43232
1958,43233
1959,43234
1960,43235
1961,43236
1962,43237
1963,43238
1964,43239
1965,43240
1966,43241
1967,43242
1968,43243
1969,43244
1970,43245
1971,43246
1972,43247
1973,43248
1974,43249
1975,43250
1976,43251
1977,43252
1978,43253
1979,43254
1980,43255
1981,43256
1982,43257
1983,43258
1984,43259
1985,43260
1986,43261
1987,43262
1988,43263
1989,43264
1990,43265
1991,43266
1992,43267
1993,43268
1994,43269
1995,43270
1996,43271
1997,43272
1998,43273
1999,43274
2000,43275
2001,43276
2002,43277
2003,43278
2004,43279
2005,43280
2006,43281
2007,43282
2008,43283
2009,43284
2010,43285
2011,43286
2012,43287
2013,43288
2014,43289
2015,43290
2016,43291
2017,43292
2018,43293
2019,43294
2020,43295
2021,43296
2022,43297
2023,43298
2024,43299
2025,43300
2026,43301
2027,43302
2028,43303
2029,43304
2030,43305
2031,43306
2032,43307
2033,43308
2034,43309
2035,43310
2036,43311
2037,43312
2038,43313
2039,43314
2040,43315
2041,43316
2042,43317
2043,43318
2044,43319
2045,43320
2046,43321
2047,43322
2048,43323
2049,43324
2050,43325
2051,43326
2052,43327
2053,43328
2054,43329
2055,43330
2056,43331
2057,43332
2058,43333
2059,43334
2060,43335
2061,43336
2062,43337
2063,43338
2064,43339
2065,43340
2066,43341
2067,43342
2068,43343
2069,43344
2070,43345
2071,43346
2072,43347
2073,43348
2074,43349
2075,43350
2076,43351
2077,43352
2078,43353
2079,43354
2080,43355
2081,43356
2082,43357
2083,43358
2084,43359
2085,43360
2086,43361
2087,43362
2088,43363
2089,43364
2090,43365
2091,43366
2092,43367
2093,43368
2094,43369
2095,43370
2096,43371
2097,43372
2098,43373
2099,43374
2100,43375
2101,43376
2102,43377
2103,43378
2104,43379
2105,43380
2106,43381
2107,43382
2108,43383
2109,43384
2110,43385
2111,43386
2112,43387
2113,43388
2114,43389
2115,43390
2116,43391
2117,43392
2118,43393
2119,43394
2120,43395
2121,43396
2122,43397
2123,43398
2124,43399
2125,43400
2126,43401
2127,43402
2128,43403
2129,43404
2130,43405
2131,43406
2132,43407
2133,43408
2134,43409
2135,43410
2136,43411
2137,43412
2138,43413
2139,43414
2140,43415
2141,43416
2142,43417
2143,43418
2144,43419
2145,43420
2146,43421
2147,43422
2148,43423
2149,43424
2150,43425
2151,43426
2152,43427
2153,43428
2154,43429
2155,43430
2156,43431
2157,43432
2158,43433
2159,43434
2160,43435
2161,43436
2162,43437
2163,43438
2164,43439
2165,43440
2166,43441
2167,43442
2168,43443
2169,43444
2170,43445
2171,43446
2172,43447
2173,43448
2174,43449
2175,43450
2176,43451
2177,43452
2178,43453
2179,43454
2180,43455
2181,43456
2182,43457
2183,43458
2184,43459
2185,43460
2186,43461
2187,43462
2188,43463
2189,43464
2190,43465
2191,43466
2192,43467
2193,43468
2194,43469
2195,43470
2196,43471
2197,43472
2198,43473
2199,43474
2200,43475
2201,43476
2202,43477
2203,43478
2204,43479
2205,43480
2206,43481
2207,43482
2208,43483
2209,43484
2210,43485
2211,43486
2212,43487
2213,43488
2214,43489
2215,43490
2216,43491
2217,43492
2218,43493
2219,43494
2220,43495
2221,43496
2222,43497
2223,43498
2224,43499
2225,43500
2226,43501
2227,43502
2228,43503
2229,43504
2230,43505
2231,43506
2232,43507
2233,43508
2234,43509
2235,43510
2236,43511
2237,43512
2238,43513
2239,43514
2240,43515
2241,43516
2242,43517
2243,43518
2244,43519
2245,43520
2246,43521
2247,43522
2248,43523
2249,43524
2250,43525
2251,43526
2252,43527
2253,43528
2254,43529
2255,43530
2256,43531
2257,43532
2258,43533
2259,43534
2260,43535
2261,43536
2262,43537
2263,43538
2264,43539
2265,43540
2266,43541
2267,43542
2268,43543
2269,43544
2270,43545
2271,43546
2272,43547
2273,43548
2274,43549
2275,43550
2276,43551
2277,43552
2278,43553
2279,43554
2280,43555
2281,43556
2282,43557
2283,43558
2284,43559
2285,43560
2286,43561
2287,43562
2288,43563
2289,43564
2290,43565
2291,43566
2292,43567
2293,43568
2294,43569
2295,43570
2296,43571
2297,43572
2298,43573
2299,43574
2300,43575
2301,43576
2302,43577
2303,43578
2304,43579
2305,43580
2306,43581
2307,43582
2308,43583
2309,43584
2310,43585
2311,43586
2312,43587
2313,43588
2314,43589
2315,43590
2316,43591
2317,43592
2318,43593
2319,43594
2320,43595
2321,43596
2322,43597
2323,43598
2324,43599
2325,43600
2326,43601
2327,43602
2328,43603
2329,43604
2330,43605
2331,43606
2332,43607
2333,43608
2334,43609
2335,43610
2336,43611
2337,43612
2338,43613
2339,43614
2340,43615
2341,43616
2342,43617
2343,43618
2344,43619
2345,43620
2346,43621
2347,43622
2348,43623
2349,43624
2350,43625
2351,43626
2352,43627
2353,43628
2354,43629
2355,43630
2356,43631
2357,43632
2358,43633
2359,43634
2360,43635
2361,43636
2362,43637
2363,43638
2364,43639
2365,43640
2366,43641
2367,43642
2368,43643
2369,43644
2370,43645
2371,43646
2372,43647
2373,43648
2374,43649
2375,43650
2376,43651
2377,43652
2378,43653
2379,43654
2380,43655
2381,43656
2382,43657
2383,43658
2384,43659
2385,43660
2386,43661
2387,43662
2388,43663
2389,43664
2390,43665
2391,43666
2392,43667
2393,43668
2394,43669
2395,43670
2396,43671
2397,43672
2398,43673
2399,43674
2400,43675
2401,43676
2402,43677
2403,43678
2404,43679
2405,43680
2406,43681
2407,43682
2408,43683
2409,43684
2410,43685
2411,43686
2412,43687
2413,43688
2414,43689
2415,43690
2416,43691
2417,43692
2418,43693
2419,43694
2420,43695
2421,43696
2422,43697
2423,43698
2424,43699
2425,43700
2426,43701
2427,43702
2428,43703
2429,43704
2430,43705
2431,43706
2432,43707
2433,43708
2434,43709
2435,43710
2436,43711
2437,43712
2438,43713
2439,43714
2440,43715
2441,43716
2442,43717
2443,43718
2444,43719
2445,43720
2446,43721
2447,43722
2448,43723
2449,43724
2450,43725
2451,43726
2452,43727
2453,43728
2454,43729
2455,43730
2456,43731
2457,43732
2458,43733
2459,43734
2460,43735
2461,43736
2462,43737
2463,43738
2464,43739
2465,43740
2466,43741
2467,43742
2468,43743
2469,43744
2470,43745
2471,43746
2472,43747
2473,43748
2474,43749
2475,43750
2476,43751
2477,43752
2478,43753
2479,43754
2480,43755
2481,43756
2482,43757
2483,43758
2484,43759
2485,43760
2486,43761
2487,43762
2488,43763
2489,43764
2490,43765
2491,43766
2492,43767
2493,43768
2494,43769
2495,43770
2496,43771
2497,43772
2498,43773
2499,43774
2500,43775
2501,43776
2502,43777
2503,43778
2504,43779
2505,43780
2506,43781
2507,43782
2508,43783
2509,43784
2510,43785
2511,43786
2512,43787
2513,43788
2514,43789
2515,43790
2516,43791
2517,43792
2518,43793
2519,43794
2520,43795
2521,43796
2522,43797
2523,43798
2524,43799
2525,43800
2526,43801
2527,43802
2528,43803
2529,43804
2530,43805
2531,43806
2532,43807
2533,43808
2534,43809
2535,43810
2536,43811
2537,43812
2538,43813
2539,43814
2540,43815
2541,43816
2542,43817
2543,43818
2544,43819
2545,43820
2546,43821
2547,43822
2548,43823
2549,43824
2550,43825
2551,43826
2552,43827
2553,43828
2554,43829
2555,43830
2556,43831
2557,43832
2558,43833
2559,43834
2560,43835
2561,43836
2562,43837
2563,43838
2564,43839
2565,43840
2566,43841
2567,43842
2568,43843
2569,43844
2570,43845
2571,43846
2572,43847
2573,43848
2574,43849
2575,43850
2576,43851
2577,43852
2578,43853
2579,43854
2580,43855
2581,43856
2582,43857
2583,43858
2584,43859
2585,43860
2586,43861
2587,43862
2588,43863
2589,43864
2590,43865
2591,43866
2592,43867
2593,43868
2594,43869
2595,43870
2596,43871
2597,43872
2598,43873
2599,43874
2600,43875
2601,43876
2602,43877
2603,43878
2604,43879
2605,43880
2606,43881
2607,43882
2608,43883
2609,43884
2610,43885
2611,43886
2612,43887
2613,43888
2614,43889
2615,43890
2616,43891
2617,43892
2618,43893
2619,43894
2620,43895
2621,43896
2622,43897
2623,43898
2624,43899
2625,43900
2626,43901
2627,43902
2628,43903
2629,43904
2630,43905
2631,43906
2632,43907
2633,43908
2634,43909
2635,43910
2636,43911
2637,43912
2638,43913
2639,43914
2640,43915
2641,43916
2642,43917
2643,43918
2644,43919
2645,43920
2646,43921
2647,43922
2648,43923
2649,43924
2650,43925
2651,43926
2652,43927
2653,43928
2654,43929
2655,43930
2656,43931
2657,43932
2658,43933
2659,43934
2660,43935
2661,43936
2662,43937
2663,43938
2664,43939
2665,43940
2666,43941
2667,43942
2668,43943
2669,43944
2670,43945
2671,43946
2672,43947
2673,43948
2674,43949
2675,43950
2676,43951
2677,43952
2678,43953
2679,43954
2680,43955
2681,43956
2682,43957
2683,43958
2684,43959
2685,43960
2686,43961
2687,43962
2688,43963
2689,43964
2690,43965
2691,43966
2692,43967
2693,43968
2694,43969
2695,43970
2696,43971
2697,43972
2698,43973
2699,43974
2700,43975
2701,43976
2702,43977
2703,43978
2704,43979
2705,43980
2706,43981
2707,43982
2708,43983
2709,43984
2710,43985
2711,43986
2712,43987
2713,43988
2714,43989
2715,43990
2716,43991
2717,43992
2718,43993
2719,43994
2720,43995
2721,43996
2722,43997
2723,43998
2724,43999
2725,44000
2726,44001
2727,44002
2728,44003
2729,44004
2730,44005
2731,44006
2732,44007
2733,44008
2734,44009
2735,44010
2736,44011
2737,44012
2738,44013
2739,44014
2740,44015
2741,44016
2742,44017
2743,44018
2744,44019
2745,44020
2746,44021
2747,44022
2748,44023
2749,44024
2750,44025
2751,44026
2752,44027
2753,44028
2754,44029
2755,44030
2756,44031
2757,44032
2758,44033
2759,44034
2760,44035
2761,44036
2762,44037
2763,44038
2764,44039
2765,44040
2766,44041
2767,44042
2768,44043
2769,44044
2770,44045
2771,44046
2772,44047
2773,44048
2774,44049
2775,44050
2776,44051
2777,44052
2778,44053
2779,44054
2780,44055
2781,44056
2782,44057
2783,44058
2784,44059
2785,44060
2786,44061
2787,44062
2788,44063
2789,44064
2790,44065
2791,44066
2792,44067
2793,44068
2794,44069
2795,44070
2796,44071
2797,44072
2798,44073
2799,44074
2800,44075
2801,44076
2802,44077
2803,44078
2804,44079
2805,44080
2806,44081
2807,44082
2808,44083
2809,44084
2810,44085
2811,44086
2812,44087
2813,44088
2814,44089
2815,44090
2816,44091
2817,44092
2818,44093
2819,44094
2820,44095
2821,44096
2822,44097
2823,44098
2824,44099
2825,44100
2826,44101
2827,44102
2828,44103
2829,44104
2830,44105
2831,44106
2832,44107
2833,44108
2834,44109
2835,44110
2836,44111
2837,44112
2838,44113
2839,44114
2840,44115
2841,44116
2842,44117
2843,44118
2844,44119
2845,44120
2846,44121
2847,44122
2848,44123
2849,44124
2850,44125
2851,44126
2852,44127
2853,44128
2854,44129
2855,44130
2856,44131
2857,44132
2858,44133
2859,44134
2860,44135
2861,44136
2862,44137
2863,44138
2864,44139
2865,44140
2866,44141
2867,44142
2868,44143
2869,44144
2870,44145
2871,44146
2872,44147
2873,44148
2874,44149
2875,44150
2876,44151
2877,44152
2878,44153
2879,44154
2880,44155
,44156
,44157
,44158
,44159
,44160
,44161
,44162
,44163
,44164
,44165
,44166
,44167
,44168
,44169
,44170
,44171
,44172
,44173
,44174
,44175
,44176
,44177
,44178
,44179
,44180
,44181
,44182
,44183
,44184
,44185
,44186
,44187
,44188
,44189
,44190
,44191
,44192
,44193
,44194
,44195
,44196
,44197
,44198
,44199
,44200
,44201
,44202
,44203
,44204
,44205
,44206
,44207
,44208
,44209
,44210
,44211
,44212
,44213
,44214
,44215
,44216
,44217
,44218
,44219
,44220
,44221
,44222
,44223
,44224
,44225
,44226
,44227
,44228
,44229
,44230
,44231
,44232
,44233
,44234
,44235
,44236
,44237
,44238
,44239
,44240
,44241
,44242
,44243
,44244
,44245
,44246
,44247
,44248
,44249
,44250
,44251
,44252
,44253
,44254
,44255
,44256
,44257
,44258
,44259
,44260
,44261
,44262
,44263
,44264
,44265
,44266
,44267
,44268
,44269
,44270
,44271
,44272
,44273
,44274
,44275
,44276
,44277
,44278
,44279
,44280
,44281
,44282
,44283
,44284
,44285
,44286
,44287
,44288
,44289
,44290
,44291
,44292
,44293
,44294
,44295
,44296
,44297
,44298
,44299
,44300
,44301
,44302
,44303
,44304
,44305
,44306
,44307
,44308
,44309
,44310
,44311
,44312
,44313
,44314
,44315
,44316
,44317
,44318
,44319
,44320
,44321
,44322
,44323
,44324
,44325
,44326
,44327
,44328
,44329
,44330
,44331
,44332
,44333
,44334
,44335
,44336
,44337
,44338
,44339
,44340
,44341
,44342
,44343
,44344
,44345
,44346
,44347
,44348
,44349
,44350
,44351
,44352
,44353
,44354
,44355
,44356
,44357
,44358
,44359
,44360
,44361
,44362
,44363
,44364
,44365
,44366
,44367
,44368
,44369